-1,-1,-1,-1,-1,-1,-1,-1,1231,1250
-1,-1,-1,-1,890,917,-1,-1,-1,-1
-1,-1,-1,-1,464,483,511,528,554,-1
-1,-1,-1,-1,-1,-1,-1,830,878,-1
-1,-1,-1,-1,-1,-1,777,789,-1,-1
-1,-1,-1,-1,1018,1042,1090,-1,-1,-1
865,878,898,923,929,-1,-1,-1,-1,-1
-1,-1,-1,-1,-1,-1,-1,960,979,-1
-1,552,578,592,597,612,642,655,-1,-1
-1,-1,-1,-1,502,526,547,571,598,-1
-1,1050,1081,1092,1104,1132,1157,1170,1210,1235
-1,-1,-1,-1,-1,125,140,152,-1,-1
613,636,650,663,680,696,719,737,783,-1
-1,-1,-1,-1,-1,-1,-1,-1,815,825
-1,-1,-1,-1,-1,-1,-1,-1,794,810
-1,-1,-1,-1,-1,-1,-1,780,806,816
-1,-1,-1,-1,-1,610,631,-1,-1,-1
-1,-1,-1,-1,-1,-1,1168,1180,1218,-1
-1,-1,-1,-1,1149,1200,1217,1254,-1,-1
-1,-1,-1,-1,1251,1285,-1,-1,-1,-1
-1,-1,841,853,-1,-1,-1,-1,-1,-1
-1,-1,-1,-1,-1,-1,-1,36,56,-1
-1,-1,-1,-1,1319,1334,1352,1375,1435,-1
974,990,1015,-1,-1,-1,-1,-1,-1,-1
-1,-1,-1,-1,-1,-1,553,590,632,658
160,176,-1,-1,-1,-1,-1,-1,-1,-1
-1,-1,-1,-1,872,917,942,966,-1,-1
-1,-1,869,883,898,914,929,941,980,992
1296,1314,1341,1349,1355,1396,1411,-1,-1,-1
-1,-1,-1,-1,-1,-1,404,417,-1,-1
-1,-1,-1,-1,1315,1330,-1,-1,-1,-1
-1,858,880,904,909,925,942,982,-1,-1
-1,-1,-1,1265,1270,1294,1342,1355,1380,1398
1000,1015,1028,1040,1045,-1,-1,-1,-1,-1
1439,14,31,41,47,70,85,111,158,-1
-1,-1,-1,-1,-1,-1,-1,-1,406,424
777,790,806,826,833,860,895,913,969,-1
-1,-1,361,370,377,-1,-1,-1,-1,-1
-1,-1,-1,-1,-1,-1,859,874,-1,-1
-1,-1,1094,1103,1116,1151,1170,1185,1208,1224
1342,1352,1374,1384,1389,1418,28,62,-1,-1
-1,-1,-1,224,231,-1,-1,-1,-1,-1
-1,-1,-1,-1,-1,-1,-1,-1,590,600
-1,-1,748,756,767,797,813,842,874,-1
-1,-1,-1,-1,841,868,-1,-1,-1,-1
-1,-1,-1,-1,-1,976,1005,1018,1042,1063
-1,-1,-1,573,578,598,615,-1,-1,-1
-1,-1,-1,429,434,456,477,489,-1,-1
-1,-1,763,770,785,800,-1,-1,-1,-1
-1,45,63,72,77,101,125,-1,-1,-1
-1,-1,826,840,847,866,906,924,-1,-1
-1,-1,-1,149,154,174,201,-1,-1,-1
-1,-1,-1,-1,-1,569,584,608,650,662
-1,-1,-1,-1,-1,1175,1192,1210,-1,-1
-1,853,868,-1,-1,-1,-1,-1,-1,-1
-1,-1,-1,-1,-1,-1,87,115,133,-1
158,174,192,-1,-1,-1,-1,-1,-1,-1
-1,-1,-1,-1,-1,-1,-1,-1,70,82
296,318,338,346,354,-1,-1,-1,-1,-1
-1,-1,-1,-1,-1,370,398,428,-1,-1
-1,-1,-1,-1,-1,-1,-1,-1,972,983
-1,-1,-1,-1,-1,-1,1197,1213,1230,-1
-1,952,989,997,1006,-1,-1,-1,-1,-1
-1,275,291,299,-1,-1,-1,-1,-1,-1
-1,-1,-1,-1,-1,-1,813,825,850,-1
-1,-1,-1,-1,-1,-1,-1,-1,350,361
1398,1410,1432,10,20,53,73,89,144,-1
-1,-1,-1,102,107,129,161,175,218,-1
-1,-1,-1,235,240,272,-1,-1,-1,-1
-1,-1,-1,-1,-1,-1,528,546,570,-1
1251,1262,1277,1287,1300,1315,1340,1359,1417,-1
-1,-1,-1,797,806,828,873,-1,-1,-1
-1,-1,-1,1198,1204,1219,1259,-1,-1,-1
43,59,72,-1,-1,-1,-1,-1,-1,-1
-1,1101,1121,1128,1133,-1,-1,-1,-1,-1
-1,-1,713,722,732,777,802,820,-1,-1
128,140,178,190,200,220,235,247,-1,-1
-1,-1,-1,1141,1157,-1,-1,-1,-1,-1
-1,289,312,320,334,365,380,417,441,465
-1,-1,-1,-1,-1,-1,1028,1051,1082,-1
-1,-1,-1,1262,1278,1295,1314,-1,-1,-1
-1,683,708,715,-1,-1,-1,-1,-1,-1
-1,-1,-1,-1,-1,-1,1297,1311,-1,-1
997,1012,1029,-1,-1,-1,-1,-1,-1,-1
-1,-1,-1,-1,-1,1099,1119,-1,-1,-1
-1,-1,1092,1111,1119,1141,1170,1186,-1,-1
-1,-1,-1,-1,393,413,458,-1,-1,-1
-1,758,775,-1,-1,-1,-1,-1,-1,-1
-1,-1,450,466,471,-1,-1,-1,-1,-1
-1,-1,-1,-1,701,716,732,763,808,829
-1,-1,1383,1401,-1,-1,-1,-1,-1,-1
-1,-1,-1,-1,-1,-1,-1,-1,10,36
-1,-1,-1,-1,-1,-1,181,208,244,254
-1,-1,-1,-1,-1,-1,-1,-1,1133,1143
-1,-1,-1,-1,-1,-1,311,330,355,387
-1,-1,-1,-1,323,357,-1,-1,-1,-1
-1,-1,1173,1185,1193,1208,1240,1259,-1,-1
-1,-1,-1,-1,-1,643,659,673,-1,-1
-1,784,805,814,830,855,902,919,-1,-1
-1,-1,67,85,93,118,134,161,184,209
-1,-1,-1,-1,-1,1162,1212,1249,1274,1288
-1,-1,-1,-1,-1,-1,1380,1421,-1,-1
-1,-1,706,716,-1,-1,-1,-1,-1,-1
-1,-1,-1,-1,496,516,536,552,-1,-1
-1,-1,-1,-1,-1,812,829,845,868,880
-1,-1,-1,-1,-1,-1,-1,-1,27,48
-1,-1,-1,-1,-1,-1,-1,1311,1364,1384
-1,-1,-1,1207,1212,1227,1278,1299,1324,-1
-1,-1,-1,-1,-1,-1,-1,378,420,435
-1,-1,-1,915,920,947,966,999,1037,1054
-1,-1,-1,-1,1216,1232,1247,1284,1308,-1
-1,-1,-1,-1,-1,1374,1392,-1,-1,-1
-1,300,336,343,348,369,394,419,444,-1
-1,-1,-1,-1,-1,-1,1078,1113,1148,-1
-1,999,1017,1027,1032,1053,1084,1101,1118,1136
-1,-1,-1,512,525,543,579,606,651,669
-1,-1,-1,-1,-1,1345,1363,1375,1393,-1
-1,-1,-1,-1,718,744,-1,-1,-1,-1
-1,-1,-1,1352,1358,1378,1402,1415,1432,7
1008,1021,1040,-1,-1,-1,-1,-1,-1,-1
-1,-1,-1,-1,-1,-1,-1,-1,1144,1159
-1,-1,1271,1279,-1,-1,-1,-1,-1,-1
-1,-1,-1,-1,291,307,-1,-1,-1,-1
-1,-1,-1,-1,-1,1018,1039,1064,-1,-1
-1,-1,-1,-1,681,700,717,-1,-1,-1
-1,-1,-1,-1,-1,-1,31,46,67,-1
-1,-1,-1,-1,-1,-1,-1,-1,535,556
-1,-1,-1,-1,-1,-1,-1,876,898,910
-1,-1,-1,1158,1165,1190,1227,1240,1295,-1
-1,-1,-1,-1,-1,1399,1417,1435,25,36
748,759,800,812,818,847,875,887,911,931
-1,-1,1382,1395,1400,1421,1439,25,70,-1
-1,-1,-1,-1,449,481,-1,-1,-1,-1
-1,837,862,871,881,912,931,944,964,-1
-1,-1,1107,1114,1127,1146,-1,-1,-1,-1
922,934,951,965,973,1018,-1,-1,-1,-1
-1,-1,-1,-1,1422,1439,-1,-1,-1,-1
-1,-1,1145,1163,1172,1190,-1,-1,-1,-1
-1,-1,-1,-1,-1,-1,286,310,328,-1
629,656,678,-1,-1,-1,-1,-1,-1,-1
-1,-1,-1,-1,-1,-1,1197,1210,1233,-1
-1,-1,-1,-1,-1,-1,985,1007,1026,-1
-1,-1,-1,-1,-1,812,828,-1,-1,-1
-1,-1,-1,-1,77,97,114,-1,-1,-1
-1,-1,-1,-1,-1,-1,-1,-1,68,84
-1,-1,-1,1423,1429,25,42,54,-1,-1
-1,-1,-1,-1,-1,310,341,362,384,-1
-1,-1,349,364,374,410,460,494,511,542
-1,-1,-1,-1,-1,700,727,745,-1,-1
-1,-1,-1,-1,-1,-1,-1,-1,389,402
-1,-1,-1,-1,575,595,626,-1,-1,-1
-1,-1,-1,949,960,981,1008,1023,1042,-1
764,786,809,827,842,873,911,-1,-1,-1
-1,-1,-1,-1,-1,-1,-1,-1,1188,1201
-1,-1,-1,-1,-1,-1,-1,-1,1181,1199
-1,-1,-1,-1,-1,1085,1123,1147,1172,1185
-1,-1,-1,-1,-1,1086,1101,1118,1150,1163
-1,-1,-1,-1,-1,1071,1089,-1,-1,-1
-1,-1,-1,-1,-1,-1,-1,-1,790,801
-1,-1,-1,-1,-1,-1,1089,1120,1153,-1
-1,-1,-1,1096,1101,1151,1171,-1,-1,-1
197,216,-1,-1,-1,-1,-1,-1,-1,-1
-1,-1,-1,-1,-1,-1,-1,-1,147,160
-1,-1,-1,-1,-1,-1,861,875,-1,-1
-1,-1,1062,1078,1086,-1,-1,-1,-1,-1
-1,-1,1183,1193,1198,1234,1264,1279,1314,1330
725,748,763,788,-1,-1,-1,-1,-1,-1
-1,-1,-1,392,397,428,450,-1,-1,-1
-1,-1,-1,164,170,215,233,256,314,-1
-1,-1,-1,-1,-1,-1,-1,-1,124,139
161,172,209,229,234,281,296,-1,-1,-1
-1,-1,-1,-1,-1,-1,-1,-1,1440,10
-1,-1,507,520,531,-1,-1,-1,-1,-1
-1,-1,959,984,990,1035,-1,-1,-1,-1
-1,-1,-1,-1,1389,1432,25,53,-1,-1
-1,-1,-1,-1,-1,-1,-1,-1,1099,1111
1418,1438,40,49,56,71,-1,-1,-1,-1
-1,-1,-1,-1,1060,1082,1113,-1,-1,-1
-1,-1,-1,-1,-1,886,904,-1,-1,-1
-1,-1,-1,-1,-1,-1,1183,1216,1236,1253
-1,-1,-1,-1,-1,-1,1168,1184,1216,-1
-1,-1,-1,-1,-1,51,71,97,-1,-1
-1,-1,-1,-1,-1,-1,-1,1090,1113,-1
-1,-1,-1,-1,-1,-1,-1,-1,629,643
-1,-1,-1,-1,-1,217,233,262,282,295
608,621,637,646,-1,-1,-1,-1,-1,-1
-1,-1,-1,-1,-1,-1,-1,1363,1382,-1
-1,-1,-1,854,866,-1,-1,-1,-1,-1
-1,-1,1009,1031,-1,-1,-1,-1,-1,-1
-1,-1,-1,-1,-1,-1,115,138,156,-1
-1,-1,-1,-1,455,476,496,508,-1,-1
-1,-1,-1,-1,-1,174,203,220,-1,-1
-1,-1,-1,821,826,842,861,877,897,920
-1,204,222,231,239,-1,-1,-1,-1,-1
-1,-1,-1,-1,-1,-1,-1,650,685,706
-1,-1,-1,-1,-1,-1,-1,-1,127,139
-1,-1,-1,-1,-1,-1,-1,-1,1192,1216
-1,-1,-1,-1,-1,-1,-1,1099,1130,-1
-1,-1,-1,-1,-1,-1,-1,-1,1109,1122
-1,-1,-1,-1,-1,-1,321,355,378,390
-1,-1,-1,-1,-1,-1,-1,-1,1042,1055
826,841,-1,-1,-1,-1,-1,-1,-1,-1
-1,1005,1027,1037,1045,1075,-1,-1,-1,-1
-1,-1,-1,-1,-1,-1,-1,-1,1141,1151
-1,939,952,966,974,1025,1045,1071,1096,1116
-1,-1,-1,-1,811,839,855,868,895,-1
-1,-1,-1,-1,-1,-1,-1,1188,1241,1257
-1,-1,-1,-1,-1,-1,-1,-1,1133,1149
-1,-1,-1,-1,-1,20,35,58,110,122
-1,-1,984,991,1008,1023,1038,1060,-1,-1
-1,-1,-1,-1,1162,1196,1225,1240,1263,1275
-1,-1,-1,-1,-1,-1,1439,19,47,-1
-1,-1,-1,-1,1357,1372,-1,-1,-1,-1
-1,-1,-1,-1,-1,-1,1209,1236,1271,-1
-1,-1,-1,-1,-1,-1,117,140,159,185
-1,-1,-1,-1,443,464,484,-1,-1,-1
-1,-1,-1,1024,1031,1062,1093,1106,1145,-1
-1,-1,-1,605,610,629,-1,-1,-1,-1
705,720,736,-1,-1,-1,-1,-1,-1,-1
-1,-1,-1,-1,-1,-1,-1,669,698,-1
-1,-1,-1,82,87,108,123,142,-1,-1
-1,-1,345,365,-1,-1,-1,-1,-1,-1
-1,-1,36,44,50,73,98,132,179,-1
-1,-1,-1,-1,549,580,-1,-1,-1,-1
-1,-1,-1,307,313,-1,-1,-1,-1,-1
-1,-1,-1,-1,-1,166,182,200,218,-1
-1,-1,-1,-1,-1,-1,-1,659,684,-1
1379,1391,1407,1420,1429,9,24,40,59,-1
-1,-1,-1,-1,-1,-1,-1,318,357,378
-1,-1,-1,-1,317,348,388,406,-1,-1
-1,-1,-1,-1,-1,-1,-1,-1,1111,1124
1205,1216,-1,-1,-1,-1,-1,-1,-1,-1
1401,1413,10,19,25,-1,-1,-1,-1,-1
-1,-1,-1,-1,127,145,166,-1,-1,-1
-1,-1,-1,-1,47,63,83,96,139,152
-1,-1,-1,-1,-1,-1,12,40,58,-1
-1,-1,-1,920,929,-1,-1,-1,-1,-1
-1,-1,-1,-1,-1,890,910,926,952,973
-1,-1,-1,-1,274,315,338,351,409,429
-1,-1,-1,-1,-1,-1,1405,1421,3,-1
-1,627,645,-1,-1,-1,-1,-1,-1,-1
-1,-1,-1,-1,455,486,-1,-1,-1,-1
-1,920,932,950,966,1006,1042,1080,1135,1147
-1,-1,-1,-1,-1,-1,-1,-1,101,111
-1,-1,-1,117,123,141,-1,-1,-1,-1
-1,-1,-1,-1,-1,-1,-1,-1,394,405
-1,-1,-1,-1,-1,-1,-1,620,678,690
-1,-1,-1,-1,140,169,-1,-1,-1,-1
-1,-1,-1,1390,1401,-1,-1,-1,-1,-1
-1,-1,-1,-1,-1,-1,531,568,-1,-1
-1,-1,-1,-1,1404,1422,1438,23,55,-1
-1,-1,321,330,335,375,398,427,-1,-1
-1,1262,1285,1294,1305,1339,-1,-1,-1,-1
-1,-1,-1,809,822,839,856,881,898,-1
-1,-1,-1,-1,-1,-1,-1,550,593,606
-1,-1,-1,-1,-1,-1,-1,-1,397,408
-1,-1,-1,-1,69,84,105,146,171,183
-1,-1,-1,-1,-1,-1,-1,-1,73,85
-1,-1,-1,-1,918,936,-1,-1,-1,-1
-1,-1,-1,-1,731,755,771,-1,-1,-1
-1,-1,-1,-1,-1,-1,-1,570,603,628
-1,-1,-1,-1,-1,308,323,352,-1,-1
-1,-1,180,189,195,237,255,289,321,332
-1,-1,-1,-1,362,381,404,422,-1,-1
-1,-1,-1,-1,-1,-1,-1,101,119,-1
-1,-1,-1,-1,-1,-1,-1,-1,1276,1297
1379,1390,1432,3,13,33,74,94,-1,-1
796,819,857,864,873,902,-1,-1,-1,-1
-1,-1,-1,-1,-1,-1,-1,1174,1193,1225
-1,-1,-1,43,53,69,-1,-1,-1,-1
-1,1394,1417,1431,1436,11,51,71,90,-1
-1,-1,-1,-1,-1,-1,839,853,-1,-1
-1,-1,-1,1077,1082,1101,1126,-1,-1,-1
-1,1412,1429,-1,-1,-1,-1,-1,-1,-1
-1,-1,351,359,364,393,429,-1,-1,-1
-1,-1,1440,7,13,46,68,85,-1,-1
-1,-1,-1,-1,-1,-1,865,885,-1,-1
-1,-1,-1,-1,-1,-1,-1,316,336,-1
-1,-1,-1,-1,-1,-1,-1,-1,864,881
493,506,545,-1,-1,-1,-1,-1,-1,-1
-1,-1,-1,864,876,910,-1,-1,-1,-1
-1,-1,-1,-1,29,51,74,-1,-1,-1
-1,-1,-1,-1,510,536,562,-1,-1,-1
-1,-1,-1,-1,-1,-1,64,77,125,-1
-1,-1,-1,-1,364,396,435,449,-1,-1
-1,-1,-1,-1,-1,-1,-1,191,216,-1
-1,-1,-1,-1,-1,-1,1294,1309,1330,-1
-1,645,680,690,-1,-1,-1,-1,-1,-1
-1,-1,-1,-1,-1,250,276,301,-1,-1
-1,-1,-1,-1,-1,551,578,-1,-1,-1
-1,-1,-1,-1,-1,-1,96,112,160,171
-1,-1,-1,203,213,232,275,290,313,-1
-1,-1,-1,-1,-1,-1,-1,-1,255,266
-1,-1,-1,-1,-1,-1,-1,317,350,-1
-1,-1,-1,-1,-1,-1,111,124,149,166
-1,-1,-1,-1,-1,-1,675,707,767,-1
-1,-1,-1,-1,-1,-1,29,44,97,112
-1,-1,-1,785,794,823,844,-1,-1,-1
-1,-1,-1,-1,-1,-1,-1,-1,473,493
-1,-1,-1,-1,-1,394,444,460,490,-1
-1,-1,-1,-1,-1,-1,-1,-1,941,954
-1,-1,753,762,-1,-1,-1,-1,-1,-1
1276,1296,-1,-1,-1,-1,-1,-1,-1,-1
-1,368,383,397,402,-1,-1,-1,-1,-1
-1,-1,-1,1152,1159,1177,1205,1232,-1,-1
-1,-1,-1,-1,539,567,591,607,654,664
-1,-1,-1,-1,-1,-1,660,674,699,710
-1,-1,-1,-1,-1,-1,1384,1397,1414,7
-1,-1,-1,-1,-1,-1,-1,-1,744,755
-1,-1,440,457,463,478,516,529,548,-1
-1,-1,900,923,932,953,970,991,-1,-1
-1,-1,-1,889,897,912,949,984,-1,-1
-1,-1,-1,-1,-1,-1,-1,636,656,666
-1,-1,-1,-1,-1,588,606,-1,-1,-1
-1,-1,-1,-1,-1,-1,-1,1268,1286,1296
-1,289,312,324,333,351,371,-1,-1,-1
-1,-1,-1,-1,-1,-1,-1,-1,1343,1361
-1,-1,-1,1176,1184,1202,1217,1251,1275,-1
-1,734,747,759,767,784,801,828,868,-1
-1,-1,-1,-1,981,999,1021,1040,-1,-1
-1,-1,-1,-1,-1,-1,1095,1129,1156,1176
-1,-1,-1,-1,-1,755,776,799,827,854
-1,-1,-1,-1,-1,-1,453,476,-1,-1
-1,-1,-1,341,346,386,-1,-1,-1,-1
-1,-1,-1,-1,-1,116,159,-1,-1,-1
-1,-1,-1,-1,-1,707,724,-1,-1,-1
-1,-1,-1,-1,-1,78,93,-1,-1,-1
-1,-1,-1,-1,-1,19,40,-1,-1,-1
-1,-1,-1,-1,-1,-1,-1,-1,235,245
-1,-1,-1,-1,-1,951,966,979,1037,1052
-1,-1,-1,-1,1099,1121,-1,-1,-1,-1
-1,-1,-1,-1,-1,-1,-1,655,676,700
-1,-1,-1,-1,-1,-1,-1,924,948,961
-1,-1,-1,-1,1191,1208,1225,-1,-1,-1
-1,-1,-1,-1,-1,-1,-1,255,282,-1
-1,-1,-1,-1,-1,-1,-1,1353,1399,-1
-1,-1,-1,-1,-1,-1,1176,1189,-1,-1
-1,-1,931,955,961,986,-1,-1,-1,-1
-1,-1,-1,1172,1178,-1,-1,-1,-1,-1
-1,-1,-1,-1,-1,-1,1005,1028,1073,-1
676,707,738,747,759,778,819,-1,-1,-1
-1,-1,-1,-1,826,866,-1,-1,-1,-1
-1,-1,-1,-1,-1,895,911,940,959,988
776,803,-1,-1,-1,-1,-1,-1,-1,-1
-1,-1,180,189,-1,-1,-1,-1,-1,-1
-1,-1,-1,-1,-1,-1,1326,1360,1395,-1
-1,-1,-1,-1,1286,1318,1340,-1,-1,-1
-1,-1,-1,-1,-1,-1,-1,-1,153,174
-1,-1,-1,1038,1046,1075,1126,1138,1155,-1
-1,-1,1227,1238,1243,1265,-1,-1,-1,-1
-1,-1,-1,-1,691,709,724,758,779,789
-1,-1,-1,-1,-1,-1,-1,-1,861,876
-1,-1,582,592,597,638,669,693,728,738
-1,-1,-1,933,940,955,972,990,1008,1027
-1,-1,-1,-1,-1,-1,1106,1120,1144,-1
-1,-1,21,28,34,49,80,119,139,-1
-1,-1,-1,-1,-1,1387,1417,6,-1,-1
-1,-1,48,55,64,-1,-1,-1,-1,-1
-1,-1,-1,-1,-1,-1,-1,57,117,141
1193,1216,1250,1258,1269,1309,1334,1352,1376,1389
-1,-1,-1,-1,-1,452,494,-1,-1,-1
-1,-1,-1,-1,-1,-1,-1,1060,1079,1091
-1,-1,-1,-1,-1,-1,-1,799,819,-1
1073,1088,-1,-1,-1,-1,-1,-1,-1,-1
-1,-1,-1,757,770,810,-1,-1,-1,-1
-1,832,844,861,868,899,-1,-1,-1,-1
-1,-1,-1,-1,-1,-1,-1,17,48,78
-1,-1,-1,-1,493,514,531,555,573,-1
451,480,500,508,522,537,557,-1,-1,-1
-1,-1,-1,701,710,727,752,765,795,809
-1,-1,372,392,-1,-1,-1,-1,-1,-1
-1,-1,-1,-1,-1,-1,-1,-1,150,160
-1,-1,-1,-1,-1,-1,583,596,-1,-1
-1,833,871,882,896,918,-1,-1,-1,-1
-1,-1,-1,-1,-1,484,517,540,595,-1
-1,-1,-1,-1,-1,-1,11,34,-1,-1
359,369,383,393,405,441,-1,-1,-1,-1
-1,-1,-1,-1,-1,1008,1048,-1,-1,-1
1432,5,42,-1,-1,-1,-1,-1,-1,-1
-1,-1,-1,-1,-1,-1,-1,519,541,-1
-1,-1,-1,-1,-1,-1,-1,128,157,172
-1,-1,29,38,55,76,95,116,145,156
-1,-1,-1,-1,-1,527,548,562,597,611
-1,-1,-1,126,139,179,214,-1,-1,-1
-1,-1,-1,-1,-1,-1,-1,-1,860,893
-1,-1,-1,970,976,1022,1040,-1,-1,-1
1233,1245,1260,1278,1285,1313,1329,1342,-1,-1
-1,-1,-1,-1,-1,464,504,-1,-1,-1
-1,-1,974,984,996,1038,1055,1083,-1,-1
-1,-1,-1,-1,-1,1317,1334,1357,-1,-1
-1,480,505,512,520,567,-1,-1,-1,-1
-1,-1,-1,-1,-1,-1,-1,-1,88,117
616,626,-1,-1,-1,-1,-1,-1,-1,-1
-1,-1,-1,-1,-1,1435,11,25,43,64
-1,-1,-1,-1,-1,-1,-1,1023,1046,1064
-1,-1,-1,-1,743,793,816,-1,-1,-1
-1,766,787,799,808,825,846,865,-1,-1
-1,-1,-1,-1,190,222,-1,-1,-1,-1
-1,-1,-1,-1,1083,1102,1129,1159,-1,-1
-1,-1,-1,533,539,557,593,606,633,-1
-1,1415,1431,3,8,-1,-1,-1,-1,-1
-1,-1,-1,-1,-1,1167,1215,1230,-1,-1
-1,-1,-1,-1,-1,-1,-1,56,82,111
-1,-1,-1,213,225,254,-1,-1,-1,-1
-1,-1,-1,-1,-1,-1,-1,-1,1204,1224
14,47,63,71,-1,-1,-1,-1,-1,-1
-1,462,476,484,494,520,561,573,599,-1
-1,-1,104,115,121,136,173,187,206,218
-1,-1,-1,-1,-1,-1,-1,635,675,688
-1,1361,1373,1393,1402,1426,12,-1,-1,-1
-1,-1,-1,126,132,151,-1,-1,-1,-1
-1,-1,-1,-1,-1,-1,-1,460,480,500
-1,943,977,-1,-1,-1,-1,-1,-1,-1
-1,-1,-1,-1,-1,-1,1413,12,67,78
-1,1064,1084,1104,1110,1126,1150,1164,1186,1202
-1,-1,-1,-1,-1,-1,-1,225,247,268
-1,-1,-1,-1,-1,167,208,228,-1,-1
1,16,30,45,55,100,130,150,178,-1
-1,-1,-1,-1,-1,-1,-1,-1,664,678
-1,-1,-1,-1,-1,-1,-1,-1,893,905
382,392,414,422,429,-1,-1,-1,-1,-1
-1,-1,-1,-1,-1,494,511,526,-1,-1
-1,-1,-1,-1,-1,531,564,580,599,609
-1,-1,-1,-1,56,71,108,142,-1,-1
-1,-1,-1,-1,-1,211,238,279,317,337
-1,-1,-1,-1,-1,-1,-1,-1,312,337
-1,-1,-1,-1,-1,-1,218,257,295,307
-1,-1,1113,1120,1127,1147,1176,1194,1254,1281
1377,1389,1402,1410,1415,13,29,47,65,80
-1,-1,-1,951,956,976,1001,1019,1061,1071
-1,-1,1125,1134,1139,1185,1222,1242,-1,-1
885,898,912,921,927,945,-1,-1,-1,-1
-1,-1,-1,-1,1105,1130,1160,1194,-1,-1
-1,-1,-1,-1,-1,-1,-1,363,383,406
-1,-1,-1,-1,-1,332,362,398,-1,-1
-1,756,795,816,824,852,868,901,931,-1
-1,-1,-1,-1,-1,-1,-1,433,452,-1
-1,-1,-1,-1,-1,-1,-1,-1,1172,1195
-1,-1,-1,192,197,216,232,244,-1,-1
-1,-1,388,396,-1,-1,-1,-1,-1,-1
-1,-1,-1,-1,-1,1139,1157,1177,1195,1210
-1,459,477,487,498,521,-1,-1,-1,-1
-1,-1,-1,-1,-1,70,98,-1,-1,-1
-1,-1,-1,-1,-1,294,319,345,-1,-1
-1,326,344,359,-1,-1,-1,-1,-1,-1
-1,-1,-1,-1,-1,0,15,30,-1,-1
1350,1360,-1,-1,-1,-1,-1,-1,-1,-1
-1,-1,-1,811,822,858,879,896,922,948
737,756,769,784,793,809,836,-1,-1,-1
-1,-1,1234,1242,1247,-1,-1,-1,-1,-1
607,619,661,676,689,707,741,756,-1,-1
431,444,469,483,491,506,536,569,597,610
-1,-1,-1,-1,-1,-1,115,129,-1,-1
1169,1192,1225,-1,-1,-1,-1,-1,-1,-1
-1,-1,-1,-1,-1,-1,980,1002,1021,1031
-1,-1,-1,-1,416,449,472,489,506,-1
-1,-1,-1,-1,-1,-1,-1,-1,649,661
-1,-1,1381,1397,1408,1435,10,-1,-1,-1
-1,-1,-1,-1,-1,1123,1158,-1,-1,-1
-1,-1,-1,-1,1191,1206,1223,1248,1268,-1
-1,-1,-1,-1,-1,-1,-1,1022,1049,1059
-1,-1,-1,-1,-1,-1,772,793,813,827
-1,-1,-1,119,124,150,-1,-1,-1,-1
-1,-1,-1,-1,-1,-1,271,306,-1,-1
-1,-1,-1,-1,-1,977,1005,1018,1055,-1
-1,117,151,160,165,180,217,237,-1,-1
-1,-1,-1,-1,1430,14,38,-1,-1,-1
-1,-1,-1,-1,1305,1323,1358,1371,1412,-1
-1,-1,-1,-1,-1,-1,-1,276,296,-1
-1,-1,-1,-1,519,543,579,605,641,-1
-1,-1,-1,-1,-1,277,295,318,339,365
-1,102,133,147,158,174,198,217,242,253
323,335,352,360,369,385,-1,-1,-1,-1
-1,13,28,36,45,74,89,117,134,144
-1,-1,-1,304,321,345,366,390,408,418
-1,-1,-1,-1,-1,-1,-1,15,66,89
-1,1353,1392,1400,1406,1426,27,43,-1,-1
-1,-1,-1,-1,-1,-1,500,531,550,-1
-1,761,781,799,807,-1,-1,-1,-1,-1
-1,-1,-1,-1,-1,-1,-1,-1,920,950
-1,-1,-1,-1,1350,1366,1393,-1,-1,-1
-1,878,890,906,912,955,995,-1,-1,-1
-1,-1,-1,-1,-1,-1,-1,1245,1268,-1
-1,-1,-1,-1,-1,-1,211,251,284,-1
440,472,488,499,-1,-1,-1,-1,-1,-1
-1,-1,-1,-1,-1,-1,-1,1439,30,41
1121,1131,1147,1155,-1,-1,-1,-1,-1,-1
-1,-1,-1,-1,-1,-1,-1,1073,1090,-1
-1,-1,-1,-1,-1,709,733,-1,-1,-1
-1,1032,1060,-1,-1,-1,-1,-1,-1,-1
-1,-1,-1,-1,-1,756,786,807,843,853
-1,-1,-1,1275,1281,1303,1350,1370,1392,-1
-1,-1,193,206,215,-1,-1,-1,-1,-1
-1,-1,1046,1069,1075,1097,1119,1136,-1,-1
-1,-1,-1,-1,-1,-1,-1,620,643,-1
-1,-1,-1,-1,1303,1321,-1,-1,-1,-1
-1,-1,914,931,941,959,984,1004,1023,-1
-1,91,122,135,-1,-1,-1,-1,-1,-1
-1,-1,-1,-1,-1,-1,-1,-1,88,101
1126,1153,1171,1181,1186,1211,1227,1240,1279,1291
-1,-1,-1,-1,-1,-1,497,520,568,-1
-1,-1,-1,309,314,339,372,386,408,-1
-1,-1,-1,-1,411,446,462,-1,-1,-1
810,834,-1,-1,-1,-1,-1,-1,-1,-1
-1,-1,-1,859,868,893,919,933,973,983
-1,830,843,850,856,-1,-1,-1,-1,-1
1127,1143,1159,1166,1171,1199,1226,1246,-1,-1
-1,-1,240,248,258,308,323,337,384,-1
533,550,-1,-1,-1,-1,-1,-1,-1,-1
-1,-1,-1,-1,-1,-1,-1,203,231,262
948,974,1000,1018,1023,1061,1079,1104,1128,1138
-1,-1,-1,-1,-1,-1,-1,-1,543,553
-1,-1,-1,-1,1367,1383,1430,13,-1,-1
-1,-1,-1,-1,-1,-1,-1,-1,721,741
-1,-1,-1,-1,-1,-1,302,320,339,353
-1,-1,-1,-1,-1,136,167,-1,-1,-1
-1,-1,-1,-1,-1,-1,-1,-1,613,626
-1,-1,-1,-1,-1,-1,646,669,695,-1
1101,1123,1141,1159,1164,1197,1213,1239,1256,1267
-1,-1,-1,-1,-1,-1,-1,-1,577,588
-1,-1,-1,-1,-1,790,811,829,865,881
-1,-1,295,302,310,332,347,361,-1,-1
-1,87,107,124,129,175,211,237,277,289
-1,-1,1159,1169,1176,1203,1238,1258,-1,-1
894,907,946,957,974,993,1025,1044,-1,-1
-1,625,639,646,651,-1,-1,-1,-1,-1
-1,-1,-1,-1,-1,-1,-1,-1,325,344
-1,-1,1131,1142,1147,-1,-1,-1,-1,-1
-1,-1,-1,-1,-1,-1,-1,-1,431,446
47,67,105,125,130,161,184,-1,-1,-1
-1,-1,-1,-1,-1,438,454,-1,-1,-1
-1,-1,-1,-1,-1,1367,1404,-1,-1,-1
1309,1325,1348,1372,1378,1420,6,27,62,-1
-1,-1,-1,-1,928,943,-1,-1,-1,-1
832,863,890,897,906,938,981,-1,-1,-1
-1,-1,-1,-1,1356,1371,1392,1433,-1,-1
-1,-1,-1,-1,-1,-1,331,347,370,380
-1,-1,-1,-1,-1,-1,-1,946,970,-1
-1,-1,824,833,-1,-1,-1,-1,-1,-1
-1,-1,-1,-1,-1,391,407,-1,-1,-1
-1,-1,-1,-1,-1,-1,-1,-1,1332,1349
-1,1086,1099,1113,-1,-1,-1,-1,-1,-1
-1,-1,55,62,68,84,113,127,151,-1
-1,-1,-1,5,21,57,82,-1,-1,-1
-1,-1,-1,-1,-1,-1,910,930,955,987
-1,-1,-1,-1,-1,-1,775,791,809,-1
-1,-1,-1,-1,-1,-1,239,273,-1,-1
-1,-1,-1,-1,-1,-1,929,942,966,982
-1,-1,-1,-1,578,598,617,630,685,701
-1,-1,-1,-1,-1,-1,-1,-1,1105,1116
-1,-1,-1,1251,1257,1272,1297,1337,1359,1391
-1,-1,-1,-1,-1,-1,1192,1229,1249,1267
-1,-1,-1,-1,-1,604,635,651,669,679
-1,51,64,73,79,99,125,147,168,-1
-1,-1,-1,-1,-1,1005,1037,-1,-1,-1
-1,-1,-1,-1,-1,-1,-1,-1,486,506
-1,-1,432,449,455,-1,-1,-1,-1,-1
-1,-1,1434,10,17,53,99,-1,-1,-1
-1,-1,1324,1332,1342,1377,1393,1407,-1,-1
-1,-1,-1,-1,-1,-1,-1,-1,866,876
-1,-1,-1,-1,-1,-1,-1,-1,355,389
-1,-1,-1,-1,-1,-1,-1,1104,1121,-1
-1,-1,-1,-1,887,907,-1,-1,-1,-1
-1,-1,-1,-1,-1,-1,-1,427,471,501
-1,-1,-1,-1,-1,-1,-1,323,347,357
-1,-1,-1,-1,-1,-1,-1,320,343,-1
-1,-1,-1,-1,-1,-1,-1,144,170,-1
-1,634,655,671,679,710,730,762,-1,-1
-1,-1,-1,-1,-1,-1,-1,-1,1241,1254
790,801,842,852,865,899,-1,-1,-1,-1
525,542,559,568,573,-1,-1,-1,-1,-1
-1,-1,-1,-1,-1,772,797,830,-1,-1
-1,-1,1139,1157,1163,1183,1201,1225,1260,-1
-1,-1,-1,933,943,968,996,1026,1078,-1
-1,-1,-1,546,554,589,607,629,-1,-1
-1,-1,1037,1044,1049,1076,1109,1126,-1,-1
-1,-1,-1,-1,-1,-1,220,245,-1,-1
16,31,53,61,70,106,121,-1,-1,-1
-1,-1,838,861,867,914,930,944,976,-1
-1,-1,1191,1200,1205,1232,1264,1281,1303,-1
-1,-1,-1,955,966,985,-1,-1,-1,-1
-1,844,886,911,917,933,-1,-1,-1,-1
-1,-1,1306,1313,1320,1368,1383,1396,14,-1
-1,-1,-1,-1,406,438,454,479,-1,-1
-1,-1,-1,1331,1343,1379,-1,-1,-1,-1
-1,7,21,28,37,58,73,88,-1,-1
514,528,-1,-1,-1,-1,-1,-1,-1,-1
-1,-1,-1,-1,-1,-1,-1,806,831,-1
-1,-1,-1,-1,-1,-1,-1,139,157,-1
-1,-1,-1,1023,1029,1080,1095,1112,1132,-1
363,376,397,406,421,449,468,490,510,523
-1,-1,-1,-1,-1,-1,-1,1360,1385,1406
-1,-1,-1,-1,-1,-1,-1,1239,1260,1276
-1,-1,884,895,906,926,941,954,-1,-1
-1,1296,1324,1345,1355,1396,-1,-1,-1,-1
-1,-1,-1,-1,438,464,482,-1,-1,-1
-1,-1,-1,-1,-1,-1,-1,-1,523,542
-1,-1,-1,-1,-1,-1,703,717,772,787
-1,895,918,929,937,963,-1,-1,-1,-1
-1,-1,-1,-1,1432,8,25,57,107,-1
-1,-1,-1,-1,-1,-1,704,734,762,-1
-1,-1,-1,1316,1324,1339,1360,-1,-1,-1
-1,-1,-1,-1,-1,-1,-1,1101,1122,-1
-1,-1,-1,-1,661,676,701,-1,-1,-1
-1,-1,-1,-1,-1,-1,125,141,159,172
-1,-1,-1,-1,-1,-1,-1,-1,1190,1217
-1,-1,-1,860,873,901,-1,-1,-1,-1
-1,-1,38,48,53,71,-1,-1,-1,-1
-1,-1,-1,-1,-1,-1,1118,1151,-1,-1
-1,-1,-1,-1,325,342,-1,-1,-1,-1
-1,-1,-1,-1,-1,-1,-1,222,263,289
-1,-1,-1,-1,-1,876,891,932,962,-1
-1,-1,-1,-1,-1,-1,1177,1198,1242,1259
-1,-1,-1,-1,128,158,183,-1,-1,-1
-1,1258,1278,1292,1301,1324,1340,1353,1375,-1
-1,-1,-1,-1,1272,1287,1303,1318,1348,1360
-1,-1,-1,-1,-1,915,963,987,1005,1016
-1,-1,370,379,384,412,454,-1,-1,-1
-1,-1,-1,-1,-1,-1,812,827,-1,-1
-1,-1,-1,-1,-1,255,284,299,317,-1
-1,-1,-1,-1,-1,-1,-1,1332,1379,-1
-1,-1,-1,-1,1397,1413,1434,28,55,75
-1,-1,-1,-1,-1,-1,691,707,741,767
-1,-1,-1,-1,-1,-1,-1,-1,1047,1070
-1,-1,-1,241,248,272,312,-1,-1,-1
834,865,906,920,925,941,956,983,1022,-1
-1,-1,-1,-1,858,883,913,926,948,981
-1,-1,-1,-1,-1,-1,952,967,1015,1030
-1,-1,-1,-1,-1,-1,-1,859,878,888
-1,-1,1254,1268,1274,1298,1315,1332,1356,1367
-1,-1,-1,-1,-1,1273,1316,1335,-1,-1
-1,-1,-1,-1,60,79,95,-1,-1,-1
138,149,191,210,216,240,-1,-1,-1,-1
-1,-1,-1,511,526,552,581,598,634,645
-1,-1,-1,1308,1314,1362,1394,1416,1433,14
-1,-1,-1,-1,-1,-1,1227,1249,-1,-1
-1,-1,918,933,-1,-1,-1,-1,-1,-1
-1,-1,-1,-1,-1,-1,-1,-1,666,700
1092,1104,1130,1138,1143,1173,-1,-1,-1,-1
-1,-1,-1,-1,-1,-1,-1,-1,72,90
-1,-1,-1,-1,-1,404,422,-1,-1,-1
-1,-1,-1,-1,-1,1092,1130,-1,-1,-1
-1,-1,-1,-1,79,104,-1,-1,-1,-1
-1,-1,-1,361,370,388,428,446,468,478
-1,-1,-1,-1,-1,-1,-1,-1,891,918
-1,-1,-1,-1,-1,817,832,866,887,-1
-1,403,427,441,446,482,502,533,571,591
-1,-1,-1,-1,-1,-1,322,347,370,388
-1,267,279,293,303,322,-1,-1,-1,-1
-1,-1,-1,-1,-1,802,832,846,902,-1
1061,1094,1125,1132,1141,-1,-1,-1,-1,-1
-1,-1,-1,1109,1114,1132,-1,-1,-1,-1
-1,-1,760,780,785,801,828,-1,-1,-1
-1,-1,-1,-1,675,707,727,740,-1,-1
-1,-1,-1,-1,822,837,856,877,930,-1
-1,-1,-1,1104,1110,-1,-1,-1,-1,-1
-1,-1,-1,-1,-1,-1,-1,-1,665,677
-1,-1,-1,-1,-1,-1,242,279,327,340
556,570,601,611,627,647,662,-1,-1,-1
-1,-1,-1,59,65,115,138,-1,-1,-1
-1,-1,-1,-1,-1,-1,568,583,615,641
-1,-1,-1,793,799,814,846,871,-1,-1
-1,-1,-1,-1,1123,1151,1170,1207,1234,1246
-1,-1,-1,746,760,781,801,827,862,-1
-1,-1,-1,-1,-1,-1,-1,-1,1228,1244
-1,-1,-1,-1,-1,-1,919,944,-1,-1
127,138,169,179,187,224,262,274,299,-1
-1,-1,-1,-1,-1,-1,1332,1356,1408,-1
-1,-1,-1,-1,-1,801,825,840,858,-1
-1,-1,-1,-1,-1,-1,-1,-1,1216,1226
-1,-1,292,312,318,336,-1,-1,-1,-1
-1,-1,-1,-1,-1,1177,1224,1247,1288,-1
-1,-1,-1,-1,-1,-1,-1,1028,1055,1065
-1,-1,-1,-1,-1,-1,-1,-1,1233,1245
558,571,592,601,608,650,687,-1,-1,-1
-1,1328,1354,-1,-1,-1,-1,-1,-1,-1
-1,242,264,289,-1,-1,-1,-1,-1,-1
-1,-1,-1,-1,-1,-1,539,573,598,-1
-1,-1,-1,-1,-1,954,971,983,1001,1011
-1,-1,-1,-1,719,735,750,765,-1,-1
-1,-1,-1,-1,-1,-1,-1,929,950,-1
-1,-1,-1,-1,726,754,770,806,846,867
-1,-1,-1,-1,-1,-1,-1,1279,1296,1318
-1,-1,-1,299,309,329,358,375,404,419
-1,-1,-1,-1,-1,-1,-1,-1,1135,1150
-1,-1,385,395,407,445,-1,-1,-1,-1
-1,-1,-1,1270,1275,1290,-1,-1,-1,-1
-1,-1,-1,-1,-1,836,874,896,920,941
-1,376,405,423,428,456,488,501,521,532
-1,-1,-1,-1,-1,612,628,640,687,705
-1,-1,1180,1192,1200,1239,1255,-1,-1,-1
70,101,117,126,-1,-1,-1,-1,-1,-1
-1,-1,-1,645,657,677,703,717,736,-1
-1,-1,-1,-1,-1,-1,-1,1348,1379,-1
-1,1018,1057,1069,1074,-1,-1,-1,-1,-1
-1,-1,-1,-1,-1,-1,-1,1267,1310,1333
-1,-1,-1,-1,-1,-1,-1,1105,1125,-1
-1,177,194,203,208,-1,-1,-1,-1,-1
-1,-1,-1,-1,-1,-1,-1,-1,58,91
-1,-1,-1,-1,-1,882,909,935,-1,-1
-1,-1,-1,-1,-1,528,545,-1,-1,-1
-1,-1,-1,-1,-1,-1,54,67,-1,-1
-1,-1,-1,-1,-1,953,969,992,1025,-1
-1,-1,-1,-1,-1,-1,-1,-1,912,927
-1,-1,106,113,129,-1,-1,-1,-1,-1
-1,-1,-1,-1,-1,-1,-1,-1,544,569
-1,-1,-1,213,218,242,-1,-1,-1,-1
-1,-1,-1,1096,1105,1134,1181,1209,1227,-1
-1,-1,-1,-1,-1,-1,-1,1052,1085,-1
-1,-1,-1,-1,-1,363,383,399,-1,-1
-1,641,662,671,683,715,748,768,818,-1
-1,-1,-1,-1,-1,-1,1346,1363,1418,1429
-1,-1,-1,-1,1228,1256,1276,-1,-1,-1
-1,-1,1000,1007,1015,1030,1045,-1,-1,-1
-1,-1,-1,-1,-1,-1,179,201,-1,-1
-1,-1,480,489,494,510,551,576,-1,-1
-1,-1,-1,-1,-1,1182,1203,1217,1237,-1
-1,-1,-1,-1,-1,193,223,-1,-1,-1
-1,-1,-1,-1,-1,651,666,689,-1,-1
-1,-1,1081,1101,1106,1129,1144,1160,1192,-1
-1,-1,-1,-1,-1,-1,65,77,94,108
-1,-1,-1,-1,-1,-1,-1,-1,838,852
-1,-1,-1,-1,-1,1335,1352,-1,-1,-1
1363,1380,1393,1403,1412,23,38,70,112,124
-1,-1,-1,-1,-1,-1,-1,15,59,-1
-1,429,446,456,461,477,-1,-1,-1,-1
-1,-1,-1,1016,1022,1045,1061,1087,1122,-1
-1,-1,-1,-1,-1,815,830,864,883,-1
-1,643,671,679,684,703,723,741,764,774
-1,-1,69,76,-1,-1,-1,-1,-1,-1
-1,-1,-1,16,21,45,70,86,141,-1
-1,-1,-1,-1,-1,-1,-1,-1,696,710
-1,-1,-1,-1,-1,-1,133,146,169,184
-1,1417,11,34,42,-1,-1,-1,-1,-1
-1,-1,-1,-1,-1,952,985,1000,1025,-1
-1,-1,-1,-1,-1,-1,368,381,441,-1
-1,-1,-1,-1,33,55,74,89,-1,-1
-1,-1,-1,383,390,436,-1,-1,-1,-1
-1,861,879,-1,-1,-1,-1,-1,-1,-1
-1,-1,-1,-1,-1,1401,1433,17,64,77
-1,-1,-1,-1,-1,-1,-1,443,465,-1
-1,-1,-1,-1,-1,-1,248,266,299,-1
236,247,262,273,279,308,334,-1,-1,-1
-1,-1,-1,-1,-1,835,875,889,-1,-1
-1,-1,-1,-1,-1,-1,-1,1102,1146,1178
-1,-1,-1,-1,-1,-1,1042,1058,1100,1114
-1,-1,-1,-1,1434,20,-1,-1,-1,-1
-1,-1,-1,-1,-1,-1,-1,714,744,-1
-1,-1,-1,-1,-1,-1,-1,-1,960,970
-1,212,243,-1,-1,-1,-1,-1,-1,-1
-1,-1,-1,-1,-1,-1,1366,1393,-1,-1
-1,-1,-1,-1,-1,420,450,484,-1,-1
-1,-1,1429,1439,10,30,46,-1,-1,-1
-1,-1,-1,-1,-1,-1,173,198,-1,-1
-1,-1,-1,351,359,381,405,-1,-1,-1
-1,-1,-1,-1,-1,-1,328,361,-1,-1
-1,-1,-1,-1,-1,-1,-1,-1,1327,1337
-1,801,818,831,-1,-1,-1,-1,-1,-1
-1,192,222,229,242,282,314,-1,-1,-1
-1,-1,218,232,237,266,-1,-1,-1,-1
-1,-1,-1,-1,-1,-1,-1,-1,1323,1350
-1,-1,-1,106,114,132,148,169,189,213
1037,1054,1087,1105,1112,-1,-1,-1,-1,-1
-1,-1,-1,832,840,863,881,-1,-1,-1
-1,1181,1193,-1,-1,-1,-1,-1,-1,-1
-1,-1,-1,-1,-1,-1,734,756,776,-1
849,866,900,920,925,964,979,1008,1046,-1
-1,-1,-1,1149,1154,1173,1198,-1,-1,-1
-1,-1,-1,-1,-1,507,523,551,574,-1
-1,-1,-1,-1,-1,-1,-1,-1,1185,1200
-1,-1,-1,-1,1119,1136,-1,-1,-1,-1
156,169,-1,-1,-1,-1,-1,-1,-1,-1
-1,-1,820,831,841,863,884,902,945,-1
-1,-1,-1,93,103,-1,-1,-1,-1,-1
-1,-1,1169,1177,1182,1200,-1,-1,-1,-1
-1,-1,-1,-1,-1,-1,-1,-1,535,550
1197,1209,1223,1233,1240,-1,-1,-1,-1,-1
-1,1193,1205,1221,1229,1246,1274,1311,1359,1372
-1,-1,-1,-1,-1,-1,-1,286,319,331
-1,-1,-1,-1,1189,1234,1261,1290,1316,1340
-1,-1,-1,-1,-1,-1,-1,347,380,-1
-1,-1,-1,-1,-1,-1,-1,122,144,-1
-1,-1,-1,-1,654,673,693,715,733,748
633,647,-1,-1,-1,-1,-1,-1,-1,-1
-1,845,879,889,901,924,946,967,987,-1
-1,-1,1325,1350,1356,1374,1399,1411,13,23
-1,-1,-1,-1,-1,592,618,648,-1,-1
-1,-1,-1,-1,-1,-1,-1,412,435,-1
-1,-1,-1,-1,-1,-1,-1,867,890,909
-1,-1,-1,-1,-1,-1,-1,1317,1341,-1
-1,-1,-1,-1,-1,-1,876,903,-1,-1
-1,-1,-1,-1,-1,-1,-1,661,713,-1
485,495,-1,-1,-1,-1,-1,-1,-1,-1
-1,-1,-1,-1,-1,906,930,972,-1,-1
-1,100,123,130,137,176,196,210,231,-1
458,469,489,498,507,522,537,-1,-1,-1
-1,-1,-1,-1,-1,-1,78,92,133,-1
-1,-1,-1,-1,-1,-1,-1,875,893,-1
1009,1032,1057,1064,1079,-1,-1,-1,-1,-1
1237,1247,-1,-1,-1,-1,-1,-1,-1,-1
-1,-1,643,653,668,690,741,-1,-1,-1
-1,-1,-1,-1,-1,-1,-1,-1,1145,1157
-1,-1,-1,-1,-1,1200,1215,-1,-1,-1
-1,-1,-1,-1,-1,211,234,-1,-1,-1
-1,-1,191,203,217,245,260,288,306,324
-1,-1,-1,-1,-1,-1,-1,-1,146,173
-1,-1,129,144,154,172,189,210,-1,-1
-1,311,337,344,352,377,402,415,434,455
-1,-1,-1,-1,-1,1132,1162,1193,-1,-1
-1,818,830,838,844,869,885,900,929,-1
-1,-1,-1,-1,-1,-1,-1,-1,30,57
-1,-1,-1,-1,-1,1143,1166,1199,-1,-1
-1,-1,-1,-1,-1,-1,-1,-1,549,576
-1,-1,-1,958,968,1000,1018,1031,-1,-1
-1,-1,-1,-1,-1,-1,-1,1232,1252,-1
-1,-1,-1,-1,-1,-1,-1,192,224,-1
-1,-1,-1,-1,-1,-1,867,881,-1,-1
-1,-1,-1,993,998,1040,1072,1100,1119,1142
-1,-1,-1,-1,-1,652,678,692,723,-1
-1,-1,-1,-1,-1,-1,-1,-1,656,671
-1,-1,-1,-1,-1,1205,1226,-1,-1,-1
-1,117,131,-1,-1,-1,-1,-1,-1,-1
-1,-1,-1,-1,-1,972,988,1004,1025,-1
-1,241,272,288,295,327,-1,-1,-1,-1
-1,-1,1273,1280,1290,-1,-1,-1,-1,-1
-1,-1,-1,-1,-1,1350,1368,1395,8,-1
-1,-1,-1,-1,-1,-1,-1,646,678,-1
-1,-1,-1,-1,-1,-1,-1,-1,1293,1323
-1,-1,-1,-1,-1,-1,1108,1147,1203,-1
397,418,460,-1,-1,-1,-1,-1,-1,-1
-1,-1,-1,-1,-1,-1,122,142,163,-1
-1,-1,-1,938,943,962,-1,-1,-1,-1
488,510,534,558,-1,-1,-1,-1,-1,-1
1405,1417,1436,5,10,25,68,83,112,124
-1,-1,-1,-1,-1,-1,-1,-1,377,387
-1,-1,-1,-1,-1,-1,-1,1212,1236,1247
-1,-1,-1,-1,-1,1051,1067,1089,1130,1154
-1,-1,-1,-1,-1,405,420,446,490,-1
-1,-1,-1,1390,1400,1423,1,37,89,-1
-1,568,587,601,606,623,641,657,680,-1
770,792,825,841,849,869,893,-1,-1,-1
-1,-1,-1,-1,-1,-1,192,213,231,-1
-1,-1,-1,1096,1105,-1,-1,-1,-1,-1
-1,-1,-1,32,41,62,-1,-1,-1,-1
-1,-1,722,737,744,762,787,-1,-1,-1
-1,-1,1116,1128,-1,-1,-1,-1,-1,-1
-1,-1,-1,-1,-1,-1,-1,1155,1184,-1
-1,-1,-1,-1,-1,1246,1275,1300,1328,1348
-1,-1,-1,-1,-1,-1,-1,-1,982,992
-1,981,995,1005,-1,-1,-1,-1,-1,-1
-1,-1,-1,-1,-1,810,860,876,902,916
-1,-1,-1,-1,-1,-1,22,39,-1,-1
-1,-1,-1,515,520,536,561,583,-1,-1
-1,799,813,823,828,855,874,894,916,926
-1,-1,596,621,626,647,667,685,-1,-1
-1,850,874,-1,-1,-1,-1,-1,-1,-1
-1,-1,-1,-1,-1,849,870,-1,-1,-1
-1,-1,414,437,442,460,487,504,-1,-1
-1,-1,-1,-1,-1,552,567,-1,-1,-1
-1,-1,-1,-1,1435,46,-1,-1,-1,-1
-1,39,52,59,66,86,104,117,148,-1
-1,-1,-1,1003,1013,-1,-1,-1,-1,-1
322,333,-1,-1,-1,-1,-1,-1,-1,-1
-1,714,730,738,744,770,-1,-1,-1,-1
-1,-1,-1,-1,-1,-1,779,792,815,-1
-1,-1,-1,1003,1010,1026,-1,-1,-1,-1
-1,-1,-1,-1,-1,-1,-1,1308,1328,1349
-1,-1,-1,-1,-1,-1,796,812,834,860
-1,-1,-1,-1,-1,675,690,704,-1,-1
-1,-1,1376,1386,1391,1437,18,45,-1,-1
-1,-1,-1,-1,-1,611,631,-1,-1,-1
-1,-1,-1,-1,-1,739,756,769,788,-1
-1,-1,-1,-1,566,589,630,642,661,675
-1,-1,-1,-1,-1,1072,1090,1119,-1,-1
-1,-1,-1,-1,456,489,537,-1,-1,-1
-1,-1,-1,204,212,227,251,266,293,311
-1,-1,-1,-1,-1,687,704,725,762,774
-1,-1,-1,-1,-1,-1,-1,-1,749,769
-1,169,187,206,-1,-1,-1,-1,-1,-1
-1,-1,-1,-1,-1,-1,-1,1169,1206,-1
-1,-1,-1,-1,-1,1329,1375,-1,-1,-1
-1,-1,-1,147,162,-1,-1,-1,-1,-1
-1,-1,-1,-1,-1,105,122,164,192,-1
721,732,744,762,770,817,838,851,-1,-1
-1,-1,-1,-1,-1,704,735,749,801,-1
-1,-1,-1,-1,-1,-1,-1,-1,450,464
-1,-1,-1,194,199,-1,-1,-1,-1,-1
-1,-1,-1,-1,-1,-1,-1,-1,201,223
-1,-1,-1,424,430,450,481,-1,-1,-1
-1,-1,-1,-1,-1,663,678,-1,-1,-1
-1,-1,-1,-1,142,171,189,-1,-1,-1
-1,-1,-1,-1,-1,-1,-1,-1,455,469
578,604,618,642,657,695,-1,-1,-1,-1
-1,-1,254,274,283,305,321,337,397,-1
271,282,-1,-1,-1,-1,-1,-1,-1,-1
-1,-1,-1,-1,-1,-1,532,563,580,-1
-1,-1,1362,1371,1386,1409,1426,24,54,79
-1,-1,-1,-1,1135,1151,1174,1197,1222,-1
-1,-1,-1,1068,1073,-1,-1,-1,-1,-1
-1,-1,-1,-1,-1,-1,-1,1179,1232,1243
-1,-1,-1,-1,395,426,441,478,-1,-1
-1,-1,-1,-1,-1,-1,-1,-1,476,488
-1,-1,-1,1244,1255,1294,1312,1342,1361,-1
-1,-1,-1,1389,1402,1417,-1,-1,-1,-1
1154,1174,1191,1206,1212,1233,1261,1280,-1,-1
-1,-1,1395,1406,1411,7,24,40,82,-1
-1,-1,-1,-1,-1,-1,-1,1410,5,23
-1,-1,20,33,42,60,75,91,117,-1
1086,1096,1113,1122,1128,1156,1178,-1,-1,-1
-1,-1,-1,-1,-1,-1,982,1019,-1,-1
-1,-1,-1,-1,-1,870,888,901,920,930
-1,-1,-1,-1,-1,-1,-1,1338,1363,1373
-1,-1,-1,-1,1129,1174,-1,-1,-1,-1
-1,-1,-1,-1,-1,947,986,1002,-1,-1
-1,-1,-1,1026,1039,1056,1081,1100,-1,-1
-1,-1,-1,-1,-1,-1,-1,-1,52,63
-1,-1,-1,-1,173,190,235,-1,-1,-1
-1,-1,-1,-1,-1,1260,1284,1302,1355,-1
-1,-1,-1,-1,-1,-1,-1,550,600,610
-1,1349,1367,1376,1393,1411,2,-1,-1,-1
-1,-1,-1,-1,-1,667,702,715,744,-1
955,965,999,1007,1013,1032,1050,1063,1085,1106
-1,-1,609,620,-1,-1,-1,-1,-1,-1
-1,-1,1069,1083,1089,1104,-1,-1,-1,-1
-1,-1,1411,1422,1430,15,33,58,-1,-1
-1,-1,-1,-1,-1,-1,334,350,406,-1
-1,-1,-1,648,653,680,712,738,-1,-1
-1,-1,-1,-1,-1,-1,285,311,-1,-1
-1,-1,-1,-1,-1,-1,-1,904,923,-1
-1,-1,768,775,790,819,842,862,882,-1
-1,-1,-1,65,77,111,126,161,214,226
-1,-1,-1,-1,-1,-1,-1,-1,166,186
-1,-1,-1,-1,-1,-1,1030,1047,1068,-1
586,620,654,664,675,-1,-1,-1,-1,-1
-1,-1,-1,-1,787,802,827,841,892,914
-1,-1,-1,-1,-1,-1,1290,1303,1332,1344
-1,-1,-1,-1,-1,-1,756,768,-1,-1
-1,-1,-1,467,474,491,541,570,591,611
-1,-1,-1,311,320,337,377,404,424,-1
-1,-1,-1,-1,-1,670,685,700,717,727
371,385,401,409,-1,-1,-1,-1,-1,-1
-1,-1,-1,279,290,309,325,342,-1,-1
-1,179,193,203,211,244,-1,-1,-1,-1
-1,-1,-1,-1,1261,1276,1294,1307,1346,-1
-1,-1,-1,-1,1165,1184,1199,1222,1249,1266
-1,1033,1056,1065,1072,1097,1113,1138,1160,-1
-1,-1,-1,-1,-1,1190,1237,1253,1294,-1
-1,-1,-1,-1,584,626,677,700,-1,-1
-1,-1,-1,-1,-1,142,176,215,245,271
-1,-1,-1,-1,-1,-1,-1,-1,1149,1160
-1,-1,-1,1411,1420,25,43,73,123,-1
-1,-1,-1,-1,-1,-1,-1,-1,391,417
-1,-1,1269,1285,1293,1328,1344,-1,-1,-1
-1,-1,-1,-1,-1,-1,-1,432,492,510
-1,-1,201,208,223,242,262,292,335,346
-1,-1,-1,-1,-1,-1,67,80,98,118
-1,-1,181,188,193,221,-1,-1,-1,-1
-1,-1,-1,-1,-1,-1,-1,1311,1329,-1
-1,-1,-1,-1,-1,-1,87,99,132,-1
-1,1335,1364,-1,-1,-1,-1,-1,-1,-1
-1,-1,-1,-1,-1,550,574,587,-1,-1
630,651,670,-1,-1,-1,-1,-1,-1,-1
-1,-1,-1,0,5,-1,-1,-1,-1,-1
-1,-1,-1,-1,-1,386,402,416,-1,-1
-1,-1,-1,-1,-1,-1,663,693,725,-1
-1,-1,-1,-1,-1,-1,-1,189,220,232
-1,-1,-1,-1,-1,-1,38,60,99,-1
-1,-1,572,579,589,607,632,653,672,684
-1,785,805,814,823,843,-1,-1,-1,-1
-1,-1,-1,-1,-1,-1,-1,1355,1374,1391
-1,-1,-1,-1,-1,-1,93,115,132,155
-1,-1,1221,1229,1237,1262,-1,-1,-1,-1
-1,-1,-1,-1,-1,-1,-1,163,219,233
-1,-1,574,584,594,609,651,666,712,727
-1,-1,-1,980,991,1009,1045,-1,-1,-1
-1,-1,-1,473,479,495,-1,-1,-1,-1
-1,-1,-1,-1,-1,-1,298,337,372,383
-1,-1,1411,1426,1431,16,32,46,70,-1
-1,-1,-1,-1,1278,1310,1327,1344,1372,1382
-1,-1,-1,-1,-1,-1,-1,1358,1376,-1
-1,-1,-1,-1,1419,30,75,-1,-1,-1
-1,-1,-1,872,880,902,921,-1,-1,-1
1380,1393,1409,1433,1,27,44,65,-1,-1
-1,-1,-1,-1,-1,-1,539,558,-1,-1
-1,1246,1264,1272,1278,1329,1374,1415,-1,-1
-1,-1,109,133,140,161,180,193,-1,-1
-1,-1,-1,-1,-1,96,121,-1,-1,-1
-1,-1,-1,-1,-1,-1,385,426,449,-1
-1,-1,-1,134,147,170,-1,-1,-1,-1
-1,-1,-1,-1,473,488,503,521,547,-1
-1,-1,-1,-1,-1,607,643,-1,-1,-1
-1,-1,670,678,-1,-1,-1,-1,-1,-1
-1,-1,-1,-1,-1,-1,-1,-1,595,612
-1,1322,1359,1369,1376,-1,-1,-1,-1,-1
-1,-1,-1,-1,-1,117,132,146,188,-1
-1,-1,-1,-1,-1,-1,-1,999,1021,-1
-1,638,665,-1,-1,-1,-1,-1,-1,-1
-1,-1,-1,-1,1006,1029,1044,1059,-1,-1
-1,-1,-1,-1,-1,-1,-1,1191,1251,-1
-1,-1,-1,-1,558,576,594,619,674,705
